{"cameraMode":{"drawMode":0,"name":"Shaded","section":"Shading Mode"},"sceneLighting":true,"audioPlay":false,"sceneViewState":{"m_AlwaysRefresh":false,"showFog":true,"showSkybox":true,"showFlares":true,"showImageEffects":true,"showParticleSystems":true,"showVisualEffectGraphs":true,"m_FxEnabled":true},"in2DMode":false,"pivot":{"x":13.439983367919922,"y":1.6701236963272095,"z":7.118615627288818},"rotation":{"x":0.0018100738525390626,"y":0.023997435346245767,"z":0.0000014247611943574157,"w":0.9997966885566711},"size":6.134650230407715,"orthographic":false}