{"cameraMode":{"drawMode":0,"name":"Shaded","section":"Shading Mode"},"sceneLighting":true,"audioPlay":false,"sceneViewState":{"m_AlwaysRefresh":false,"showFog":true,"showSkybox":true,"showFlares":true,"showImageEffects":true,"showParticleSystems":true,"showVisualEffectGraphs":true,"m_FxEnabled":true},"in2DMode":false,"pivot":{"x":5.290419101715088,"y":2.026623487472534,"z":-3.7952980995178224},"rotation":{"x":0.15568527579307557,"y":0.007402745541185141,"z":-0.0012135113356634975,"w":0.987881064414978},"size":9.550000190734864,"orthographic":false}