{"cameraMode":{"drawMode":0,"name":"Shaded","section":"Shading Mode"},"sceneLighting":true,"audioPlay":false,"sceneViewState":{"m_AlwaysRefresh":false,"showFog":true,"showSkybox":true,"showFlares":true,"showImageEffects":true,"showParticleSystems":true,"showVisualEffectGraphs":true,"m_FxEnabled":true},"in2DMode":false,"pivot":{"x":-1.3607896566390992,"y":3.0748915672302248,"z":-4.2255167961120609},"rotation":{"x":0.16335630416870118,"y":0.11955590546131134,"z":-0.019912438467144967,"w":0.9791412949562073},"size":1.9752922058105469,"orthographic":false}