{"cameraMode":{"drawMode":0,"name":"Shaded","section":"Shading Mode"},"sceneLighting":false,"audioPlay":false,"sceneViewState":{"m_AlwaysRefresh":false,"showFog":true,"showSkybox":false,"showFlares":true,"showImageEffects":true,"showParticleSystems":true,"showVisualEffectGraphs":true,"m_FxEnabled":true},"in2DMode":false,"pivot":{"x":1.4181326627731324,"y":2.763516426086426,"z":-1.072174310684204},"rotation":{"x":0.009216174483299256,"y":-0.9900089502334595,"z":0.11818330734968186,"w":0.07767330855131149},"size":3.214061975479126,"orthographic":false}