{"cameraMode":{"drawMode":0,"name":"Shaded","section":"Shading Mode"},"sceneLighting":false,"audioPlay":false,"sceneViewState":{"m_AlwaysRefresh":false,"showFog":true,"showSkybox":false,"showFlares":true,"showImageEffects":true,"showParticleSystems":true,"showVisualEffectGraphs":true,"m_FxEnabled":true},"in2DMode":false,"pivot":{"x":0.7440128326416016,"y":2.2129411697387697,"z":4.652377128601074},"rotation":{"x":-0.0019720622804015877,"y":-0.990654468536377,"z":-0.014558298513293267,"w":0.1363704353570938},"size":0.8660253882408142,"orthographic":false}