{"cameraMode":{"drawMode":0,"name":"Shaded","section":"Shading Mode"},"sceneLighting":false,"audioPlay":false,"sceneViewState":{"m_AlwaysRefresh":false,"showFog":true,"showSkybox":false,"showFlares":true,"showImageEffects":true,"showParticleSystems":true,"showVisualEffectGraphs":true,"m_FxEnabled":true},"in2DMode":false,"pivot":{"x":-1.4365311861038209,"y":3.792038679122925,"z":32.1385498046875},"rotation":{"x":-0.027301087975502015,"y":0.02308504655957222,"z":-0.0006598075269721448,"w":-0.9994608163833618},"size":18.07008171081543,"orthographic":false}