{"cameraMode":{"drawMode":0,"name":"Shaded","section":"Shading Mode"},"sceneLighting":false,"audioPlay":false,"sceneViewState":{"m_AlwaysRefresh":false,"showFog":true,"showSkybox":false,"showFlares":true,"showImageEffects":true,"showParticleSystems":true,"showVisualEffectGraphs":true,"m_FxEnabled":true},"in2DMode":false,"pivot":{"x":-3.198028564453125,"y":-0.9035291075706482,"z":2.3095431327819826},"rotation":{"x":-0.11108987778425217,"y":-0.005059756338596344,"z":0.0006194087909534574,"w":-0.9939042329788208},"size":5.144413948059082,"orthographic":false}