{"cameraMode":{"drawMode":0,"name":"Shaded","section":"Shading Mode"},"sceneLighting":false,"audioPlay":false,"sceneViewState":{"m_AlwaysRefresh":false,"showFog":true,"showSkybox":false,"showFlares":true,"showImageEffects":true,"showParticleSystems":true,"showVisualEffectGraphs":true,"m_FxEnabled":true},"in2DMode":false,"pivot":{"x":1.1920928955078126e-7,"y":1.2480329275131226,"z":-0.023524343967437745},"rotation":{"x":0.14381267130374909,"y":-0.3563790023326874,"z":0.055623166263103488,"w":0.9215508699417114},"size":1.6753840446472169,"orthographic":false}